filepath,caption_suggested,tags_suggested
D:\Program Files\weddinggrominghomeprewhan\WEDDING\1.jpg,1,morning
D:\Program Files\weddinggrominghomeprewhan\WEDDING\10.jpg,10,morning
D:\Program Files\weddinggrominghomeprewhan\WEDDING\100.jpg,100,morning
D:\Program Files\weddinggrominghomeprewhan\WEDDING\101.jpg,101,morning
D:\Program Files\weddinggrominghomeprewhan\WEDDING\102.jpg,102,morning
D:\Program Files\weddinggrominghomeprewhan\WEDDING\103.jpg,103,morning
D:\Program Files\weddinggrominghomeprewhan\WEDDING\104.jpg,104,morning
D:\Program Files\weddinggrominghomeprewhan\WEDDING\105.jpg,105,morning
D:\Program Files\weddinggrominghomeprewhan\WEDDING\106.jpg,106,morning
D:\Program Files\weddinggrominghomeprewhan\WEDDING\107.jpg,107,morning
D:\Program Files\weddinggrominghomeprewhan\WEDDING\108.jpg,108,morning
D:\Program Files\weddinggrominghomeprewhan\WEDDING\109.jpg,109,morning
D:\Program Files\weddinggrominghomeprewhan\WEDDING\11.jpg,11,morning
D:\Program Files\weddinggrominghomeprewhan\WEDDING\110.jpg,110,morning
D:\Program Files\weddinggrominghomeprewhan\WEDDING\111.jpg,111,morning
D:\Program Files\weddinggrominghomeprewhan\WEDDING\112.jpg,112,morning
D:\Program Files\weddinggrominghomeprewhan\WEDDING\113.jpg,113,morning
D:\Program Files\weddinggrominghomeprewhan\WEDDING\114.jpg,114,morning
D:\Program Files\weddinggrominghomeprewhan\WEDDING\115.jpg,115,morning
D:\Program Files\weddinggrominghomeprewhan\WEDDING\116.jpg,116,morning
D:\Program Files\weddinggrominghomeprewhan\WEDDING\117.jpg,117,morning
D:\Program Files\weddinggrominghomeprewhan\WEDDING\118.jpg,118,morning
D:\Program Files\weddinggrominghomeprewhan\WEDDING\119.jpg,119,morning
D:\Program Files\weddinggrominghomeprewhan\WEDDING\12.jpg,12,morning
D:\Program Files\weddinggrominghomeprewhan\WEDDING\120.jpg,120,morning
D:\Program Files\weddinggrominghomeprewhan\WEDDING\121.jpg,121,morning
D:\Program Files\weddinggrominghomeprewhan\WEDDING\122.jpg,122,morning
D:\Program Files\weddinggrominghomeprewhan\WEDDING\123.jpg,123,morning
D:\Program Files\weddinggrominghomeprewhan\WEDDING\124.jpg,124,morning
D:\Program Files\weddinggrominghomeprewhan\WEDDING\125.jpg,125,morning
D:\Program Files\weddinggrominghomeprewhan\WEDDING\126.jpg,126,morning
D:\Program Files\weddinggrominghomeprewhan\WEDDING\127.jpg,127,morning
D:\Program Files\weddinggrominghomeprewhan\WEDDING\128.jpg,128,morning
D:\Program Files\weddinggrominghomeprewhan\WEDDING\13.jpg,13,morning
D:\Program Files\weddinggrominghomeprewhan\WEDDING\130.jpg,130,morning
D:\Program Files\weddinggrominghomeprewhan\WEDDING\131.jpg,131,afternoon
D:\Program Files\weddinggrominghomeprewhan\WEDDING\132.jpg,132,afternoon
D:\Program Files\weddinggrominghomeprewhan\WEDDING\14.jpg,14,morning
D:\Program Files\weddinggrominghomeprewhan\WEDDING\15.jpg,15,morning
D:\Program Files\weddinggrominghomeprewhan\WEDDING\16.jpg,16,morning
D:\Program Files\weddinggrominghomeprewhan\WEDDING\17.jpg,17,morning
D:\Program Files\weddinggrominghomeprewhan\WEDDING\18.jpg,18,morning
D:\Program Files\weddinggrominghomeprewhan\WEDDING\19.jpg,19,morning
D:\Program Files\weddinggrominghomeprewhan\WEDDING\2.jpg,2,morning
D:\Program Files\weddinggrominghomeprewhan\WEDDING\20.jpg,20,morning
D:\Program Files\weddinggrominghomeprewhan\WEDDING\21.jpg,21,morning
D:\Program Files\weddinggrominghomeprewhan\WEDDING\22.jpg,22,morning
D:\Program Files\weddinggrominghomeprewhan\WEDDING\23.jpg,23,morning
D:\Program Files\weddinggrominghomeprewhan\WEDDING\24.jpg,24,morning
D:\Program Files\weddinggrominghomeprewhan\WEDDING\25.jpg,25,morning
D:\Program Files\weddinggrominghomeprewhan\WEDDING\26.jpg,26,morning
D:\Program Files\weddinggrominghomeprewhan\WEDDING\27.jpg,27,morning
D:\Program Files\weddinggrominghomeprewhan\WEDDING\28.jpg,28,morning
D:\Program Files\weddinggrominghomeprewhan\WEDDING\29.jpg,29,morning
D:\Program Files\weddinggrominghomeprewhan\WEDDING\3.jpg,3,morning
D:\Program Files\weddinggrominghomeprewhan\WEDDING\30.jpg,30,morning
D:\Program Files\weddinggrominghomeprewhan\WEDDING\31.jpg,31,morning
D:\Program Files\weddinggrominghomeprewhan\WEDDING\32.jpg,32,morning
D:\Program Files\weddinggrominghomeprewhan\WEDDING\33.jpg,33,morning
D:\Program Files\weddinggrominghomeprewhan\WEDDING\34.jpg,34,morning
D:\Program Files\weddinggrominghomeprewhan\WEDDING\35.jpg,35,morning
D:\Program Files\weddinggrominghomeprewhan\WEDDING\36.jpg,36,morning
D:\Program Files\weddinggrominghomeprewhan\WEDDING\37.jpg,37,morning
D:\Program Files\weddinggrominghomeprewhan\WEDDING\38.jpg,38,morning
D:\Program Files\weddinggrominghomeprewhan\WEDDING\39.jpg,39,morning
D:\Program Files\weddinggrominghomeprewhan\WEDDING\4.jpg,4,afternoon
D:\Program Files\weddinggrominghomeprewhan\WEDDING\40.jpg,40,morning
D:\Program Files\weddinggrominghomeprewhan\WEDDING\41.jpg,41,morning
D:\Program Files\weddinggrominghomeprewhan\WEDDING\42.jpg,42,morning
D:\Program Files\weddinggrominghomeprewhan\WEDDING\43.jpg,43,morning
D:\Program Files\weddinggrominghomeprewhan\WEDDING\44.jpg,44,morning
D:\Program Files\weddinggrominghomeprewhan\WEDDING\45.jpg,45,morning
D:\Program Files\weddinggrominghomeprewhan\WEDDING\46.jpg,46,morning
D:\Program Files\weddinggrominghomeprewhan\WEDDING\47.jpg,47,morning
D:\Program Files\weddinggrominghomeprewhan\WEDDING\48.jpg,48,morning
D:\Program Files\weddinggrominghomeprewhan\WEDDING\49.jpg,49,morning
D:\Program Files\weddinggrominghomeprewhan\WEDDING\5.jpg,5,morning
D:\Program Files\weddinggrominghomeprewhan\WEDDING\50.jpg,50,morning
D:\Program Files\weddinggrominghomeprewhan\WEDDING\51.jpg,51,morning
D:\Program Files\weddinggrominghomeprewhan\WEDDING\52.jpg,52,morning
D:\Program Files\weddinggrominghomeprewhan\WEDDING\53.jpg,53,morning
D:\Program Files\weddinggrominghomeprewhan\WEDDING\54.jpg,54,morning
D:\Program Files\weddinggrominghomeprewhan\WEDDING\55.jpg,55,morning
D:\Program Files\weddinggrominghomeprewhan\WEDDING\56.jpg,56,morning
D:\Program Files\weddinggrominghomeprewhan\WEDDING\57.jpg,57,morning
D:\Program Files\weddinggrominghomeprewhan\WEDDING\58.jpg,58,morning
D:\Program Files\weddinggrominghomeprewhan\WEDDING\59.jpg,59,morning
D:\Program Files\weddinggrominghomeprewhan\WEDDING\6.jpg,6,morning
D:\Program Files\weddinggrominghomeprewhan\WEDDING\60.jpg,60,morning
D:\Program Files\weddinggrominghomeprewhan\WEDDING\61.jpg,61,morning
D:\Program Files\weddinggrominghomeprewhan\WEDDING\62.jpg,62,morning
D:\Program Files\weddinggrominghomeprewhan\WEDDING\63.jpg,63,morning
D:\Program Files\weddinggrominghomeprewhan\WEDDING\64.jpg,64,morning
D:\Program Files\weddinggrominghomeprewhan\WEDDING\65.jpg,65,morning
D:\Program Files\weddinggrominghomeprewhan\WEDDING\66.jpg,66,morning
D:\Program Files\weddinggrominghomeprewhan\WEDDING\67.jpg,67,morning
D:\Program Files\weddinggrominghomeprewhan\WEDDING\68.jpg,68,morning
D:\Program Files\weddinggrominghomeprewhan\WEDDING\69.jpg,69,morning
D:\Program Files\weddinggrominghomeprewhan\WEDDING\7.jpg,7,morning
D:\Program Files\weddinggrominghomeprewhan\WEDDING\70.jpg,70,morning
D:\Program Files\weddinggrominghomeprewhan\WEDDING\71.jpg,71,morning
D:\Program Files\weddinggrominghomeprewhan\WEDDING\72.jpg,72,morning
D:\Program Files\weddinggrominghomeprewhan\WEDDING\74.jpg,74,morning
D:\Program Files\weddinggrominghomeprewhan\WEDDING\75.jpg,75,morning
D:\Program Files\weddinggrominghomeprewhan\WEDDING\76.jpg,76,morning
D:\Program Files\weddinggrominghomeprewhan\WEDDING\77.jpg,77,morning
D:\Program Files\weddinggrominghomeprewhan\WEDDING\78.jpg,78,morning
D:\Program Files\weddinggrominghomeprewhan\WEDDING\79.jpg,79,morning
D:\Program Files\weddinggrominghomeprewhan\WEDDING\8.jpg,8,morning
D:\Program Files\weddinggrominghomeprewhan\WEDDING\80.jpg,80,morning
D:\Program Files\weddinggrominghomeprewhan\WEDDING\81.jpg,81,morning
D:\Program Files\weddinggrominghomeprewhan\WEDDING\82.jpg,82,morning
D:\Program Files\weddinggrominghomeprewhan\WEDDING\83.jpg,83,morning
D:\Program Files\weddinggrominghomeprewhan\WEDDING\84.jpg,84,morning
D:\Program Files\weddinggrominghomeprewhan\WEDDING\85.jpg,85,morning
D:\Program Files\weddinggrominghomeprewhan\WEDDING\86.jpg,86,morning
D:\Program Files\weddinggrominghomeprewhan\WEDDING\87.jpg,87,morning
D:\Program Files\weddinggrominghomeprewhan\WEDDING\88.jpg,88,morning
D:\Program Files\weddinggrominghomeprewhan\WEDDING\89.jpg,89,morning
D:\Program Files\weddinggrominghomeprewhan\WEDDING\9.jpg,9,morning
D:\Program Files\weddinggrominghomeprewhan\WEDDING\90.jpg,90,morning
D:\Program Files\weddinggrominghomeprewhan\WEDDING\91.jpg,91,morning
D:\Program Files\weddinggrominghomeprewhan\WEDDING\92.jpg,92,morning
D:\Program Files\weddinggrominghomeprewhan\WEDDING\93.jpg,93,morning
D:\Program Files\weddinggrominghomeprewhan\WEDDING\94.jpg,94,morning
D:\Program Files\weddinggrominghomeprewhan\WEDDING\95.jpg,95,morning
D:\Program Files\weddinggrominghomeprewhan\WEDDING\96.jpg,96,morning
D:\Program Files\weddinggrominghomeprewhan\WEDDING\97.jpg,97,morning
D:\Program Files\weddinggrominghomeprewhan\WEDDING\98.jpg,98,morning
D:\Program Files\weddinggrominghomeprewhan\WEDDING\99.jpg,99,morning
D:\Program Files\weddinggrominghomeprewhan\WEDDING\NUI-4736.jpg,NUI-4736,morning
D:\Program Files\weddinggrominghomeprewhan\WEDDING\NUI-4737.jpg,NUI-4737,morning
D:\Program Files\weddinggrominghomeprewhan\WEDDING\NUI-4739.jpg,NUI-4739,morning
D:\Program Files\weddinggrominghomeprewhan\WEDDING\NUI-4740.jpg,NUI-4740,morning
D:\Program Files\weddinggrominghomeprewhan\WEDDING\NUI-4741.jpg,NUI-4741,morning
D:\Program Files\weddinggrominghomeprewhan\WEDDING\NUI-4745.jpg,NUI-4745,morning
D:\Program Files\weddinggrominghomeprewhan\WEDDING\NUI-4747.jpg,NUI-4747,morning
D:\Program Files\weddinggrominghomeprewhan\WEDDING\NUI-4749.jpg,NUI-4749,morning
D:\Program Files\weddinggrominghomeprewhan\WEDDING\NUI-4750.jpg,NUI-4750,morning
D:\Program Files\weddinggrominghomeprewhan\WEDDING\NUI-4751.jpg,NUI-4751,morning
D:\Program Files\weddinggrominghomeprewhan\WEDDING\NUI-4752.jpg,NUI-4752,morning
D:\Program Files\weddinggrominghomeprewhan\WEDDING\NUI-4753.jpg,NUI-4753,morning
D:\Program Files\weddinggrominghomeprewhan\WEDDING\NUI-4754.jpg,NUI-4754,night
D:\Program Files\weddinggrominghomeprewhan\WEDDING\NUI-4756.jpg,NUI-4756,morning
D:\Program Files\weddinggrominghomeprewhan\WEDDING\NUI-4758.jpg,NUI-4758,morning
D:\Program Files\weddinggrominghomeprewhan\WEDDING\NUI-4760.jpg,NUI-4760,morning
D:\Program Files\weddinggrominghomeprewhan\WEDDING\NUI-4762.jpg,NUI-4762,morning
D:\Program Files\weddinggrominghomeprewhan\WEDDING\NUI-4763.jpg,NUI-4763,morning
D:\Program Files\weddinggrominghomeprewhan\WEDDING\NUI-4764.jpg,NUI-4764,morning
D:\Program Files\weddinggrominghomeprewhan\WEDDING\NUI-4765.jpg,NUI-4765,morning
D:\Program Files\weddinggrominghomeprewhan\WEDDING\NUI-4767.jpg,NUI-4767,morning
D:\Program Files\weddinggrominghomeprewhan\WEDDING\NUI-4769.jpg,NUI-4769,morning
D:\Program Files\weddinggrominghomeprewhan\WEDDING\NUI-4770.jpg,NUI-4770,night
D:\Program Files\weddinggrominghomeprewhan\WEDDING\NUI-4771.jpg,NUI-4771,morning
D:\Program Files\weddinggrominghomeprewhan\WEDDING\NUI-4775.jpg,NUI-4775,morning
D:\Program Files\weddinggrominghomeprewhan\WEDDING\NUI-4778.jpg,NUI-4778,morning
D:\Program Files\weddinggrominghomeprewhan\WEDDING\NUI-4779.jpg,NUI-4779,morning
D:\Program Files\weddinggrominghomeprewhan\WEDDING\NUI-4782.jpg,NUI-4782,morning
D:\Program Files\weddinggrominghomeprewhan\WEDDING\NUI-4783.jpg,NUI-4783,morning
D:\Program Files\weddinggrominghomeprewhan\WEDDING\NUI-4785.jpg,NUI-4785,morning
D:\Program Files\weddinggrominghomeprewhan\WEDDING\NUI-4789.jpg,NUI-4789,morning
D:\Program Files\weddinggrominghomeprewhan\WEDDING\NUI-4792.jpg,NUI-4792,morning
D:\Program Files\weddinggrominghomeprewhan\WEDDING\NUI-4801.jpg,NUI-4801,morning
D:\Program Files\weddinggrominghomeprewhan\WEDDING\NUI-4805.jpg,NUI-4805,morning
D:\Program Files\weddinggrominghomeprewhan\WEDDING\NUI-4806.jpg,NUI-4806,morning
D:\Program Files\weddinggrominghomeprewhan\WEDDING\NUI-4811.jpg,NUI-4811,morning
D:\Program Files\weddinggrominghomeprewhan\WEDDING\NUI-4814.jpg,NUI-4814,morning
D:\Program Files\weddinggrominghomeprewhan\WEDDING\NUI-4815.jpg,NUI-4815,morning
D:\Program Files\weddinggrominghomeprewhan\WEDDING\NUI-4822.jpg,NUI-4822,morning
D:\Program Files\weddinggrominghomeprewhan\WEDDING\NUI-4823.jpg,NUI-4823,morning
D:\Program Files\weddinggrominghomeprewhan\WEDDING\NUI-4825.jpg,NUI-4825,morning
D:\Program Files\weddinggrominghomeprewhan\WEDDING\NUI-4829.jpg,NUI-4829,morning
D:\Program Files\weddinggrominghomeprewhan\WEDDING\NUI-4830.jpg,NUI-4830,morning
D:\Program Files\weddinggrominghomeprewhan\WEDDING\NUI-4831.jpg,NUI-4831,morning
D:\Program Files\weddinggrominghomeprewhan\WEDDING\NUI-4835.jpg,NUI-4835,morning
D:\Program Files\weddinggrominghomeprewhan\WEDDING\NUI-4836.jpg,NUI-4836,morning
D:\Program Files\weddinggrominghomeprewhan\WEDDING\NUI-4837.jpg,NUI-4837,morning
D:\Program Files\weddinggrominghomeprewhan\WEDDING\NUI-4838.jpg,NUI-4838,morning
D:\Program Files\weddinggrominghomeprewhan\WEDDING\NUI-4848.jpg,NUI-4848,morning
D:\Program Files\weddinggrominghomeprewhan\WEDDING\NUI-4857.jpg,NUI-4857,morning
D:\Program Files\weddinggrominghomeprewhan\WEDDING\NUI-4859.jpg,NUI-4859,morning
D:\Program Files\weddinggrominghomeprewhan\WEDDING\NUI-4861.jpg,NUI-4861,morning
D:\Program Files\weddinggrominghomeprewhan\WEDDING\NUI-4862.jpg,NUI-4862,morning
D:\Program Files\weddinggrominghomeprewhan\WEDDING\NUI-4865.jpg,NUI-4865,morning
D:\Program Files\weddinggrominghomeprewhan\WEDDING\NUI-4870.jpg,NUI-4870,morning
D:\Program Files\weddinggrominghomeprewhan\WEDDING\NUI-4872.jpg,NUI-4872,morning
D:\Program Files\weddinggrominghomeprewhan\WEDDING\NUI-4873.jpg,NUI-4873,morning
D:\Program Files\weddinggrominghomeprewhan\WEDDING\NUI-4875.jpg,NUI-4875,morning
D:\Program Files\weddinggrominghomeprewhan\WEDDING\NUI-4876.jpg,NUI-4876,morning
D:\Program Files\weddinggrominghomeprewhan\WEDDING\NUI-4878.jpg,NUI-4878,morning
D:\Program Files\weddinggrominghomeprewhan\WEDDING\NUI-4881.jpg,NUI-4881,morning
D:\Program Files\weddinggrominghomeprewhan\WEDDING\NUI-4882.jpg,NUI-4882,morning
D:\Program Files\weddinggrominghomeprewhan\WEDDING\NUI-4883.jpg,NUI-4883,morning
D:\Program Files\weddinggrominghomeprewhan\WEDDING\NUI-4885.jpg,NUI-4885,morning
D:\Program Files\weddinggrominghomeprewhan\WEDDING\NUI-4887.jpg,NUI-4887,morning
D:\Program Files\weddinggrominghomeprewhan\WEDDING\NUI-4888.jpg,NUI-4888,morning
D:\Program Files\weddinggrominghomeprewhan\WEDDING\NUI-4889.jpg,NUI-4889,morning
D:\Program Files\weddinggrominghomeprewhan\WEDDING\NUI-4892.jpg,NUI-4892,morning
D:\Program Files\weddinggrominghomeprewhan\WEDDING\NUI-4893.jpg,NUI-4893,morning
D:\Program Files\weddinggrominghomeprewhan\WEDDING\NUI-4895.jpg,NUI-4895,morning
D:\Program Files\weddinggrominghomeprewhan\WEDDING\NUI-4898.jpg,NUI-4898,morning
D:\Program Files\weddinggrominghomeprewhan\WEDDING\NUI-4904.jpg,NUI-4904,morning
D:\Program Files\weddinggrominghomeprewhan\WEDDING\NUI-4907.jpg,NUI-4907,morning
D:\Program Files\weddinggrominghomeprewhan\WEDDING\NUI-4914.jpg,NUI-4914,morning
D:\Program Files\weddinggrominghomeprewhan\WEDDING\NUI-4916.jpg,NUI-4916,morning
D:\Program Files\weddinggrominghomeprewhan\WEDDING\NUI-4918.jpg,NUI-4918,morning
D:\Program Files\weddinggrominghomeprewhan\WEDDING\NUI-4923.jpg,NUI-4923,morning
D:\Program Files\weddinggrominghomeprewhan\WEDDING\NUI-4928.jpg,NUI-4928,morning
D:\Program Files\weddinggrominghomeprewhan\WEDDING\NUI-4932.jpg,NUI-4932,morning
D:\Program Files\weddinggrominghomeprewhan\WEDDING\NUI-4933.jpg,NUI-4933,morning
D:\Program Files\weddinggrominghomeprewhan\WEDDING\NUI-4935.jpg,NUI-4935,morning
D:\Program Files\weddinggrominghomeprewhan\WEDDING\NUI-4944.jpg,NUI-4944,morning
D:\Program Files\weddinggrominghomeprewhan\WEDDING\NUI-4946.jpg,NUI-4946,morning
D:\Program Files\weddinggrominghomeprewhan\WEDDING\NUI-4947.jpg,NUI-4947,morning
D:\Program Files\weddinggrominghomeprewhan\WEDDING\NUI-4948.jpg,NUI-4948,morning
D:\Program Files\weddinggrominghomeprewhan\WEDDING\NUI-4952.jpg,NUI-4952,morning
D:\Program Files\weddinggrominghomeprewhan\WEDDING\NUI-4953.jpg,NUI-4953,morning
D:\Program Files\weddinggrominghomeprewhan\WEDDING\NUI-4954.jpg,NUI-4954,morning
D:\Program Files\weddinggrominghomeprewhan\WEDDING\NUI-4957.jpg,NUI-4957,morning
D:\Program Files\weddinggrominghomeprewhan\WEDDING\NUI-4958.jpg,NUI-4958,morning
D:\Program Files\weddinggrominghomeprewhan\WEDDING\NUI-4959.jpg,NUI-4959,morning
D:\Program Files\weddinggrominghomeprewhan\WEDDING\NUI-4962.jpg,NUI-4962,morning
D:\Program Files\weddinggrominghomeprewhan\WEDDING\NUI-4964.jpg,NUI-4964,morning
D:\Program Files\weddinggrominghomeprewhan\WEDDING\NUI-4968.jpg,NUI-4968,morning
D:\Program Files\weddinggrominghomeprewhan\WEDDING\NUI-4969.jpg,NUI-4969,morning
D:\Program Files\weddinggrominghomeprewhan\WEDDING\NUI-4974.jpg,NUI-4974,morning
D:\Program Files\weddinggrominghomeprewhan\WEDDING\NUI-4978.jpg,NUI-4978,morning
D:\Program Files\weddinggrominghomeprewhan\WEDDING\NUI-4981.jpg,NUI-4981,morning
D:\Program Files\weddinggrominghomeprewhan\WEDDING\NUI-4982.jpg,NUI-4982,morning
D:\Program Files\weddinggrominghomeprewhan\WEDDING\NUI-4983.jpg,NUI-4983,morning
D:\Program Files\weddinggrominghomeprewhan\WEDDING\NUI-4984.jpg,NUI-4984,morning
D:\Program Files\weddinggrominghomeprewhan\WEDDING\NUI-4987.jpg,NUI-4987,morning
D:\Program Files\weddinggrominghomeprewhan\WEDDING\NUI-4988.jpg,NUI-4988,morning
D:\Program Files\weddinggrominghomeprewhan\WEDDING\NUI-4990.jpg,NUI-4990,morning
D:\Program Files\weddinggrominghomeprewhan\WEDDING\NUI-4997.jpg,NUI-4997,morning
D:\Program Files\weddinggrominghomeprewhan\WEDDING\NUI-4999.jpg,NUI-4999,morning
D:\Program Files\weddinggrominghomeprewhan\WEDDING\NUI-5001.jpg,NUI-5001,morning
D:\Program Files\weddinggrominghomeprewhan\WEDDING\NUI-5005.jpg,NUI-5005,morning
D:\Program Files\weddinggrominghomeprewhan\WEDDING\NUI-5008.jpg,NUI-5008,morning
D:\Program Files\weddinggrominghomeprewhan\WEDDING\NUI-5010.jpg,NUI-5010,morning
D:\Program Files\weddinggrominghomeprewhan\WEDDING\NUI-5011.jpg,NUI-5011,morning
D:\Program Files\weddinggrominghomeprewhan\WEDDING\NUI-5014.jpg,NUI-5014,morning
D:\Program Files\weddinggrominghomeprewhan\WEDDING\NUI-5015.jpg,NUI-5015,morning
D:\Program Files\weddinggrominghomeprewhan\WEDDING\NUI-5016.jpg,NUI-5016,morning
D:\Program Files\weddinggrominghomeprewhan\WEDDING\NUI-5020.jpg,NUI-5020,morning
D:\Program Files\weddinggrominghomeprewhan\WEDDING\NUI-5021.jpg,NUI-5021,morning
D:\Program Files\weddinggrominghomeprewhan\WEDDING\NUI-5022.jpg,NUI-5022,morning
D:\Program Files\weddinggrominghomeprewhan\WEDDING\NUI-5024.jpg,NUI-5024,morning
D:\Program Files\weddinggrominghomeprewhan\WEDDING\NUI-5026.jpg,NUI-5026,morning
D:\Program Files\weddinggrominghomeprewhan\WEDDING\NUI-5030.jpg,NUI-5030,morning
D:\Program Files\weddinggrominghomeprewhan\WEDDING\NUI-5034.jpg,NUI-5034,morning
D:\Program Files\weddinggrominghomeprewhan\WEDDING\NUI-5037.jpg,NUI-5037,morning
D:\Program Files\weddinggrominghomeprewhan\WEDDING\NUI-5038.jpg,NUI-5038,morning
D:\Program Files\weddinggrominghomeprewhan\WEDDING\NUI-5040.jpg,NUI-5040,morning
D:\Program Files\weddinggrominghomeprewhan\WEDDING\NUI-5042.jpg,NUI-5042,morning
D:\Program Files\weddinggrominghomeprewhan\WEDDING\NUI-5044.jpg,NUI-5044,morning
D:\Program Files\weddinggrominghomeprewhan\WEDDING\NUI-5046.jpg,NUI-5046,morning
D:\Program Files\weddinggrominghomeprewhan\WEDDING\NUI-5048.jpg,NUI-5048,morning
D:\Program Files\weddinggrominghomeprewhan\WEDDING\NUI-5049.jpg,NUI-5049,morning
D:\Program Files\weddinggrominghomeprewhan\WEDDING\NUI-5050.jpg,NUI-5050,morning
D:\Program Files\weddinggrominghomeprewhan\WEDDING\NUI-5053.jpg,NUI-5053,morning
D:\Program Files\weddinggrominghomeprewhan\WEDDING\NUI-5055.jpg,NUI-5055,morning
D:\Program Files\weddinggrominghomeprewhan\WEDDING\NUI-5056.jpg,NUI-5056,morning
D:\Program Files\weddinggrominghomeprewhan\WEDDING\NUI-5059.jpg,NUI-5059,morning
D:\Program Files\weddinggrominghomeprewhan\WEDDING\NUI-5060.jpg,NUI-5060,morning
D:\Program Files\weddinggrominghomeprewhan\WEDDING\NUI-5068.jpg,NUI-5068,morning
D:\Program Files\weddinggrominghomeprewhan\WEDDING\NUI-5075.jpg,NUI-5075,morning
D:\Program Files\weddinggrominghomeprewhan\WEDDING\NUI-5077.jpg,NUI-5077,morning
D:\Program Files\weddinggrominghomeprewhan\WEDDING\NUI-5081.jpg,NUI-5081,morning
D:\Program Files\weddinggrominghomeprewhan\WEDDING\NUI-5086.jpg,NUI-5086,morning
D:\Program Files\weddinggrominghomeprewhan\WEDDING\NUI-5088.jpg,NUI-5088,morning
D:\Program Files\weddinggrominghomeprewhan\WEDDING\NUI-5097.jpg,NUI-5097,morning
D:\Program Files\weddinggrominghomeprewhan\WEDDING\NUI-5100.jpg,NUI-5100,morning
D:\Program Files\weddinggrominghomeprewhan\WEDDING\NUI-5104.jpg,NUI-5104,morning
D:\Program Files\weddinggrominghomeprewhan\WEDDING\NUI-5106.jpg,NUI-5106,morning
D:\Program Files\weddinggrominghomeprewhan\WEDDING\NUI-5112.jpg,NUI-5112,morning
D:\Program Files\weddinggrominghomeprewhan\WEDDING\NUI-5117.jpg,NUI-5117,morning
D:\Program Files\weddinggrominghomeprewhan\WEDDING\NUI-5123.jpg,NUI-5123,morning
D:\Program Files\weddinggrominghomeprewhan\WEDDING\NUI-5128.jpg,NUI-5128,morning
D:\Program Files\weddinggrominghomeprewhan\WEDDING\NUI-5132.jpg,NUI-5132,morning
D:\Program Files\weddinggrominghomeprewhan\WEDDING\NUI-5140.jpg,NUI-5140,morning
D:\Program Files\weddinggrominghomeprewhan\WEDDING\NUI-5142.jpg,NUI-5142,morning
D:\Program Files\weddinggrominghomeprewhan\WEDDING\NUI-5150.jpg,NUI-5150,morning
D:\Program Files\weddinggrominghomeprewhan\WEDDING\NUI-5154.jpg,NUI-5154,morning
D:\Program Files\weddinggrominghomeprewhan\WEDDING\NUI-5158.jpg,NUI-5158,morning
D:\Program Files\weddinggrominghomeprewhan\WEDDING\NUI-5165.jpg,NUI-5165,morning
D:\Program Files\weddinggrominghomeprewhan\WEDDING\NUI-5166.jpg,NUI-5166,night
D:\Program Files\weddinggrominghomeprewhan\WEDDING\NUI-5167.jpg,NUI-5167,morning
D:\Program Files\weddinggrominghomeprewhan\WEDDING\NUI-5172.jpg,NUI-5172,morning
D:\Program Files\weddinggrominghomeprewhan\WEDDING\NUI-5174.jpg,NUI-5174,morning
D:\Program Files\weddinggrominghomeprewhan\WEDDING\NUI-5175.jpg,NUI-5175,morning
D:\Program Files\weddinggrominghomeprewhan\WEDDING\NUI-5178.jpg,NUI-5178,morning
D:\Program Files\weddinggrominghomeprewhan\WEDDING\NUI-5183.jpg,NUI-5183,morning
D:\Program Files\weddinggrominghomeprewhan\WEDDING\NUI-5194.jpg,NUI-5194,morning
D:\Program Files\weddinggrominghomeprewhan\WEDDING\NUI-5195.jpg,NUI-5195,morning
D:\Program Files\weddinggrominghomeprewhan\WEDDING\NUI-5199.jpg,NUI-5199,morning
D:\Program Files\weddinggrominghomeprewhan\WEDDING\NUI-5203.jpg,NUI-5203,morning
D:\Program Files\weddinggrominghomeprewhan\WEDDING\NUI-5208.jpg,NUI-5208,morning
D:\Program Files\weddinggrominghomeprewhan\WEDDING\NUI-5210.jpg,NUI-5210,morning
D:\Program Files\weddinggrominghomeprewhan\WEDDING\NUI-5211.jpg,NUI-5211,morning
D:\Program Files\weddinggrominghomeprewhan\WEDDING\NUI-5212.jpg,NUI-5212,morning
D:\Program Files\weddinggrominghomeprewhan\WEDDING\NUI-5215.jpg,NUI-5215,morning
D:\Program Files\weddinggrominghomeprewhan\WEDDING\NUI-5217.jpg,NUI-5217,morning
D:\Program Files\weddinggrominghomeprewhan\WEDDING\NUI-5219.jpg,NUI-5219,morning
D:\Program Files\weddinggrominghomeprewhan\WEDDING\NUI-5221.jpg,NUI-5221,morning
D:\Program Files\weddinggrominghomeprewhan\WEDDING\NUI-5233.jpg,NUI-5233,morning
D:\Program Files\weddinggrominghomeprewhan\WEDDING\NUI-5235.jpg,NUI-5235,morning
D:\Program Files\weddinggrominghomeprewhan\WEDDING\NUI-5237.jpg,NUI-5237,morning
D:\Program Files\weddinggrominghomeprewhan\WEDDING\NUI-5240.jpg,NUI-5240,morning
D:\Program Files\weddinggrominghomeprewhan\WEDDING\NUI-5242.jpg,NUI-5242,morning
D:\Program Files\weddinggrominghomeprewhan\WEDDING\NUI-5246.jpg,NUI-5246,morning
D:\Program Files\weddinggrominghomeprewhan\WEDDING\NUI-5269.jpg,NUI-5269,morning
D:\Program Files\weddinggrominghomeprewhan\WEDDING\NUI-5270.jpg,NUI-5270,morning
D:\Program Files\weddinggrominghomeprewhan\WEDDING\NUI-5288.jpg,NUI-5288,morning
D:\Program Files\weddinggrominghomeprewhan\WEDDING\NUI-5299.jpg,NUI-5299,morning
D:\Program Files\weddinggrominghomeprewhan\WEDDING\NUI-5304.jpg,NUI-5304,morning
D:\Program Files\weddinggrominghomeprewhan\WEDDING\NUI-5305.jpg,NUI-5305,morning
D:\Program Files\weddinggrominghomeprewhan\WEDDING\NUI-5312.jpg,NUI-5312,morning
D:\Program Files\weddinggrominghomeprewhan\WEDDING\NUI-5314.jpg,NUI-5314,morning
D:\Program Files\weddinggrominghomeprewhan\WEDDING\NUI-5315.jpg,NUI-5315,morning
D:\Program Files\weddinggrominghomeprewhan\WEDDING\NUI-5323.jpg,NUI-5323,morning
D:\Program Files\weddinggrominghomeprewhan\WEDDING\NUI-5330.jpg,NUI-5330,morning
D:\Program Files\weddinggrominghomeprewhan\WEDDING\NUI-5336.jpg,NUI-5336,morning
D:\Program Files\weddinggrominghomeprewhan\WEDDING\NUI-5338.jpg,NUI-5338,morning
D:\Program Files\weddinggrominghomeprewhan\WEDDING\NUI-5341.jpg,NUI-5341,morning
D:\Program Files\weddinggrominghomeprewhan\WEDDING\NUI-5348.jpg,NUI-5348,morning
D:\Program Files\weddinggrominghomeprewhan\WEDDING\NUI-5350.jpg,NUI-5350,morning
D:\Program Files\weddinggrominghomeprewhan\WEDDING\NUI-5351.jpg,NUI-5351,morning
D:\Program Files\weddinggrominghomeprewhan\WEDDING\NUI-5356.jpg,NUI-5356,morning
D:\Program Files\weddinggrominghomeprewhan\WEDDING\NUI-5366.jpg,NUI-5366,morning
D:\Program Files\weddinggrominghomeprewhan\WEDDING\NUI-5373.jpg,NUI-5373,morning
D:\Program Files\weddinggrominghomeprewhan\WEDDING\NUI-5377.jpg,NUI-5377,morning
D:\Program Files\weddinggrominghomeprewhan\WEDDING\NUI-5380.jpg,NUI-5380,morning
D:\Program Files\weddinggrominghomeprewhan\WEDDING\NUI-5382.jpg,NUI-5382,morning
D:\Program Files\weddinggrominghomeprewhan\WEDDING\NUI-5387.jpg,NUI-5387,morning
D:\Program Files\weddinggrominghomeprewhan\WEDDING\NUI-5388.jpg,NUI-5388,morning
D:\Program Files\weddinggrominghomeprewhan\WEDDING\NUI-5389.jpg,NUI-5389,morning
D:\Program Files\weddinggrominghomeprewhan\WEDDING\NUI-5390.jpg,NUI-5390,morning
D:\Program Files\weddinggrominghomeprewhan\WEDDING\NUI-5392.jpg,NUI-5392,morning
D:\Program Files\weddinggrominghomeprewhan\WEDDING\NUI-5393.jpg,NUI-5393,morning
D:\Program Files\weddinggrominghomeprewhan\WEDDING\NUI-5394.jpg,NUI-5394,morning
D:\Program Files\weddinggrominghomeprewhan\WEDDING\NUI-5396.jpg,NUI-5396,morning
D:\Program Files\weddinggrominghomeprewhan\WEDDING\NUI-5397.jpg,NUI-5397,morning
D:\Program Files\weddinggrominghomeprewhan\WEDDING\NUI-5400.jpg,NUI-5400,morning
D:\Program Files\weddinggrominghomeprewhan\WEDDING\NUI-5404.jpg,NUI-5404,morning
D:\Program Files\weddinggrominghomeprewhan\WEDDING\NUI-5405.jpg,NUI-5405,morning
D:\Program Files\weddinggrominghomeprewhan\WEDDING\NUI-5408.jpg,NUI-5408,morning
D:\Program Files\weddinggrominghomeprewhan\WEDDING\NUI-5409.jpg,NUI-5409,morning
D:\Program Files\weddinggrominghomeprewhan\WEDDING\NUI-5410.jpg,NUI-5410,morning
D:\Program Files\weddinggrominghomeprewhan\WEDDING\NUI-5411.jpg,NUI-5411,morning
D:\Program Files\weddinggrominghomeprewhan\WEDDING\NUI-5412.jpg,NUI-5412,morning
D:\Program Files\weddinggrominghomeprewhan\WEDDING\NUI-5413.jpg,NUI-5413,morning
D:\Program Files\weddinggrominghomeprewhan\WEDDING\NUI-5415.jpg,NUI-5415,morning
D:\Program Files\weddinggrominghomeprewhan\WEDDING\NUI-5418.jpg,NUI-5418,morning
D:\Program Files\weddinggrominghomeprewhan\WEDDING\NUI-5419.jpg,NUI-5419,morning
D:\Program Files\weddinggrominghomeprewhan\WEDDING\NUI-5440.jpg,NUI-5440,morning
D:\Program Files\weddinggrominghomeprewhan\WEDDING\NUI-5441.jpg,NUI-5441,morning
D:\Program Files\weddinggrominghomeprewhan\WEDDING\NUI-5458.jpg,NUI-5458,morning
D:\Program Files\weddinggrominghomeprewhan\WEDDING\NUI-5460.jpg,NUI-5460,morning
D:\Program Files\weddinggrominghomeprewhan\WEDDING\NUI-5461.jpg,NUI-5461,morning
D:\Program Files\weddinggrominghomeprewhan\WEDDING\NUI-5462.jpg,NUI-5462,night
D:\Program Files\weddinggrominghomeprewhan\WEDDING\NUI-5464.jpg,NUI-5464,morning
D:\Program Files\weddinggrominghomeprewhan\WEDDING\NUI-5467.jpg,NUI-5467,morning
D:\Program Files\weddinggrominghomeprewhan\WEDDING\NUI-5469.jpg,NUI-5469,morning
D:\Program Files\weddinggrominghomeprewhan\WEDDING\NUI-5476.jpg,NUI-5476,morning
D:\Program Files\weddinggrominghomeprewhan\WEDDING\NUI-5488.jpg,NUI-5488,morning
D:\Program Files\weddinggrominghomeprewhan\WEDDING\NUI-5489.jpg,NUI-5489,morning
D:\Program Files\weddinggrominghomeprewhan\WEDDING\NUI-5492.jpg,NUI-5492,night
D:\Program Files\weddinggrominghomeprewhan\WEDDING\NUI-5493.jpg,NUI-5493,morning
D:\Program Files\weddinggrominghomeprewhan\WEDDING\NUI-5500.jpg,NUI-5500,morning
D:\Program Files\weddinggrominghomeprewhan\WEDDING\NUI-5501.jpg,NUI-5501,morning
D:\Program Files\weddinggrominghomeprewhan\WEDDING\NUI-5502.jpg,NUI-5502,morning
D:\Program Files\weddinggrominghomeprewhan\WEDDING\NUI-5503.jpg,NUI-5503,morning
D:\Program Files\weddinggrominghomeprewhan\WEDDING\NUI-5509.jpg,NUI-5509,morning
D:\Program Files\weddinggrominghomeprewhan\WEDDING\NUI-5510.jpg,NUI-5510,morning
D:\Program Files\weddinggrominghomeprewhan\WEDDING\NUI-5512.jpg,NUI-5512,morning
D:\Program Files\weddinggrominghomeprewhan\WEDDING\NUI-5513.jpg,NUI-5513,morning
D:\Program Files\weddinggrominghomeprewhan\WEDDING\NUI-5514.jpg,NUI-5514,morning
D:\Program Files\weddinggrominghomeprewhan\WEDDING\NUI-5515.jpg,NUI-5515,morning
D:\Program Files\weddinggrominghomeprewhan\WEDDING\NUI-5517.jpg,NUI-5517,morning
D:\Program Files\weddinggrominghomeprewhan\WEDDING\NUI-5521.jpg,NUI-5521,morning
D:\Program Files\weddinggrominghomeprewhan\WEDDING\NUI-5523.jpg,NUI-5523,morning
D:\Program Files\weddinggrominghomeprewhan\WEDDING\NUI-5524.jpg,NUI-5524,morning
D:\Program Files\weddinggrominghomeprewhan\WEDDING\NUI-5527.jpg,NUI-5527,morning
D:\Program Files\weddinggrominghomeprewhan\WEDDING\NUI-5529.jpg,NUI-5529,morning
D:\Program Files\weddinggrominghomeprewhan\WEDDING\NUI-5533.jpg,NUI-5533,morning
D:\Program Files\weddinggrominghomeprewhan\WEDDING\NUI-5537.jpg,NUI-5537,morning
D:\Program Files\weddinggrominghomeprewhan\WEDDING\NUI-5538.jpg,NUI-5538,morning
D:\Program Files\weddinggrominghomeprewhan\WEDDING\NUI-5541.jpg,NUI-5541,night
D:\Program Files\weddinggrominghomeprewhan\WEDDING\NUI-5542.jpg,NUI-5542,morning
D:\Program Files\weddinggrominghomeprewhan\WEDDING\NUI-5544.jpg,NUI-5544,morning
D:\Program Files\weddinggrominghomeprewhan\WEDDING\NUI-5547.jpg,NUI-5547,morning
D:\Program Files\weddinggrominghomeprewhan\WEDDING\NUI-5549.jpg,NUI-5549,morning
D:\Program Files\weddinggrominghomeprewhan\WEDDING\NUI-5565.jpg,NUI-5565,morning
D:\Program Files\weddinggrominghomeprewhan\WEDDING\NUI-5566.jpg,NUI-5566,morning
D:\Program Files\weddinggrominghomeprewhan\WEDDING\NUI-5568.jpg,NUI-5568,morning
D:\Program Files\weddinggrominghomeprewhan\WEDDING\NUI-5571.jpg,NUI-5571,morning
D:\Program Files\weddinggrominghomeprewhan\WEDDING\NUI-5572.jpg,NUI-5572,morning
D:\Program Files\weddinggrominghomeprewhan\WEDDING\NUI-5575.jpg,NUI-5575,morning
D:\Program Files\weddinggrominghomeprewhan\WEDDING\NUI-5578.jpg,NUI-5578,morning
D:\Program Files\weddinggrominghomeprewhan\WEDDING\NUI-5585.jpg,NUI-5585,morning
D:\Program Files\weddinggrominghomeprewhan\WEDDING\NUI-5591.jpg,NUI-5591,morning
D:\Program Files\weddinggrominghomeprewhan\WEDDING\NUI-5595.jpg,NUI-5595,morning
D:\Program Files\weddinggrominghomeprewhan\WEDDING\NUI-5598.jpg,NUI-5598,morning
D:\Program Files\weddinggrominghomeprewhan\WEDDING\NUI-5601.jpg,NUI-5601,morning
D:\Program Files\weddinggrominghomeprewhan\WEDDING\NUI-5611.jpg,NUI-5611,morning
D:\Program Files\weddinggrominghomeprewhan\WEDDING\NUI-5618.jpg,NUI-5618,morning
D:\Program Files\weddinggrominghomeprewhan\WEDDING\NUI-5622.jpg,NUI-5622,morning
D:\Program Files\weddinggrominghomeprewhan\WEDDING\NUI-5709.jpg,NUI-5709,morning
D:\Program Files\weddinggrominghomeprewhan\WEDDING\NUI-5712.jpg,NUI-5712,morning
D:\Program Files\weddinggrominghomeprewhan\WEDDING\NUI-5715.jpg,NUI-5715,morning
D:\Program Files\weddinggrominghomeprewhan\WEDDING\NUI-5722.jpg,NUI-5722,morning
D:\Program Files\weddinggrominghomeprewhan\WEDDING\NUI-5726.jpg,NUI-5726,morning
D:\Program Files\weddinggrominghomeprewhan\WEDDING\NUI-5731.jpg,NUI-5731,morning
D:\Program Files\weddinggrominghomeprewhan\WEDDING\NUI-5734.jpg,NUI-5734,morning
D:\Program Files\weddinggrominghomeprewhan\WEDDING\NUI-5736.jpg,NUI-5736,morning
D:\Program Files\weddinggrominghomeprewhan\WEDDING\NUI-5737.jpg,NUI-5737,morning
D:\Program Files\weddinggrominghomeprewhan\WEDDING\NUI-5738.jpg,NUI-5738,morning
D:\Program Files\weddinggrominghomeprewhan\WEDDING\NUI-5743.jpg,NUI-5743,morning
D:\Program Files\weddinggrominghomeprewhan\WEDDING\NUI-5744.jpg,NUI-5744,morning
D:\Program Files\weddinggrominghomeprewhan\WEDDING\NUI-5754.jpg,NUI-5754,morning
D:\Program Files\weddinggrominghomeprewhan\WEDDING\NUI-5755.jpg,NUI-5755,morning
D:\Program Files\weddinggrominghomeprewhan\WEDDING\NUI-5757.jpg,NUI-5757,morning
D:\Program Files\weddinggrominghomeprewhan\WEDDING\NUI-5758.jpg,NUI-5758,morning
D:\Program Files\weddinggrominghomeprewhan\WEDDING\NUI-5768.jpg,NUI-5768,morning
D:\Program Files\weddinggrominghomeprewhan\WEDDING\NUI-5770.jpg,NUI-5770,morning
D:\Program Files\weddinggrominghomeprewhan\WEDDING\NUI-5775.jpg,NUI-5775,morning
D:\Program Files\weddinggrominghomeprewhan\WEDDING\NUI-5798.jpg,NUI-5798,morning
D:\Program Files\weddinggrominghomeprewhan\WEDDING\NUI-5805.jpg,NUI-5805,morning
D:\Program Files\weddinggrominghomeprewhan\WEDDING\NUI-5810.jpg,NUI-5810,morning
D:\Program Files\weddinggrominghomeprewhan\WEDDING\NUI-5811.jpg,NUI-5811,morning
D:\Program Files\weddinggrominghomeprewhan\WEDDING\NUI-5820.jpg,NUI-5820,morning
D:\Program Files\weddinggrominghomeprewhan\WEDDING\NUI-5822.jpg,NUI-5822,morning
D:\Program Files\weddinggrominghomeprewhan\WEDDING\NUI-5832.jpg,NUI-5832,morning
D:\Program Files\weddinggrominghomeprewhan\WEDDING\NUI-5835.jpg,NUI-5835,morning
D:\Program Files\weddinggrominghomeprewhan\WEDDING\NUI-5836.jpg,NUI-5836,morning
D:\Program Files\weddinggrominghomeprewhan\WEDDING\NUI-5841.jpg,NUI-5841,morning
D:\Program Files\weddinggrominghomeprewhan\WEDDING\NUI-5842.jpg,NUI-5842,morning
D:\Program Files\weddinggrominghomeprewhan\WEDDING\NUI-5843.jpg,NUI-5843,morning
D:\Program Files\weddinggrominghomeprewhan\WEDDING\NUI-5844.jpg,NUI-5844,morning
D:\Program Files\weddinggrominghomeprewhan\WEDDING\NUI-5845.jpg,NUI-5845,morning
D:\Program Files\weddinggrominghomeprewhan\WEDDING\NUI-5852.jpg,NUI-5852,morning
D:\Program Files\weddinggrominghomeprewhan\WEDDING\NUI-5854.jpg,NUI-5854,morning
D:\Program Files\weddinggrominghomeprewhan\WEDDING\NUI-5857.jpg,NUI-5857,morning
D:\Program Files\weddinggrominghomeprewhan\WEDDING\NUI-5859.jpg,NUI-5859,morning
D:\Program Files\weddinggrominghomeprewhan\WEDDING\NUI-5860.jpg,NUI-5860,morning
D:\Program Files\weddinggrominghomeprewhan\WEDDING\NUI-5863.jpg,NUI-5863,morning
D:\Program Files\weddinggrominghomeprewhan\WEDDING\NUI-5872.jpg,NUI-5872,morning
D:\Program Files\weddinggrominghomeprewhan\WEDDING\NUI-5873.jpg,NUI-5873,morning
D:\Program Files\weddinggrominghomeprewhan\WEDDING\NUI-5874.jpg,NUI-5874,morning
D:\Program Files\weddinggrominghomeprewhan\WEDDING\NUI-5875.jpg,NUI-5875,morning
D:\Program Files\weddinggrominghomeprewhan\WEDDING\NUI-5877.jpg,NUI-5877,morning
D:\Program Files\weddinggrominghomeprewhan\WEDDING\NUI-5878.jpg,NUI-5878,morning
D:\Program Files\weddinggrominghomeprewhan\WEDDING\NUI-5884.jpg,NUI-5884,morning
D:\Program Files\weddinggrominghomeprewhan\WEDDING\NUI-5889.jpg,NUI-5889,morning
D:\Program Files\weddinggrominghomeprewhan\WEDDING\NUI-5894.jpg,NUI-5894,morning
D:\Program Files\weddinggrominghomeprewhan\WEDDING\NUI-5897.jpg,NUI-5897,morning
D:\Program Files\weddinggrominghomeprewhan\WEDDING\NUI-5898.jpg,NUI-5898,morning
D:\Program Files\weddinggrominghomeprewhan\WEDDING\NUI-5899.jpg,NUI-5899,morning
D:\Program Files\weddinggrominghomeprewhan\WEDDING\NUI-5903.jpg,NUI-5903,morning
D:\Program Files\weddinggrominghomeprewhan\WEDDING\NUI-5904.jpg,NUI-5904,night
D:\Program Files\weddinggrominghomeprewhan\WEDDING\NUI-5905.jpg,NUI-5905,morning
D:\Program Files\weddinggrominghomeprewhan\WEDDING\NUI-5906.jpg,NUI-5906,morning
D:\Program Files\weddinggrominghomeprewhan\WEDDING\NUI-5909.jpg,NUI-5909,morning
D:\Program Files\weddinggrominghomeprewhan\WEDDING\NUI-5917.jpg,NUI-5917,morning
D:\Program Files\weddinggrominghomeprewhan\WEDDING\NUI-5920.jpg,NUI-5920,morning
D:\Program Files\weddinggrominghomeprewhan\WEDDING\NUI-5925.jpg,NUI-5925,morning
D:\Program Files\weddinggrominghomeprewhan\WEDDING\NUI-5928.jpg,NUI-5928,morning
D:\Program Files\weddinggrominghomeprewhan\WEDDING\NUI-5929.jpg,NUI-5929,morning
D:\Program Files\weddinggrominghomeprewhan\WEDDING\NUI-5930.jpg,NUI-5930,morning
D:\Program Files\weddinggrominghomeprewhan\WEDDING\NUI-5934.jpg,NUI-5934,morning
D:\Program Files\weddinggrominghomeprewhan\WEDDING\NUI-5935.jpg,NUI-5935,morning
D:\Program Files\weddinggrominghomeprewhan\WEDDING\NUI-5937.jpg,NUI-5937,morning
D:\Program Files\weddinggrominghomeprewhan\WEDDING\NUI-5940.jpg,NUI-5940,morning
D:\Program Files\weddinggrominghomeprewhan\WEDDING\NUI-5941.jpg,NUI-5941,morning
D:\Program Files\weddinggrominghomeprewhan\WEDDING\NUI-5943.jpg,NUI-5943,morning
D:\Program Files\weddinggrominghomeprewhan\WEDDING\NUI-5944.jpg,NUI-5944,morning
D:\Program Files\weddinggrominghomeprewhan\WEDDING\NUI-5945.jpg,NUI-5945,morning
D:\Program Files\weddinggrominghomeprewhan\WEDDING\NUI-5953.jpg,NUI-5953,morning
D:\Program Files\weddinggrominghomeprewhan\WEDDING\NUI-5954.jpg,NUI-5954,morning
D:\Program Files\weddinggrominghomeprewhan\WEDDING\NUI-5955.jpg,NUI-5955,morning
D:\Program Files\weddinggrominghomeprewhan\WEDDING\NUI-5964.jpg,NUI-5964,morning
D:\Program Files\weddinggrominghomeprewhan\WEDDING\NUI-5965.jpg,NUI-5965,morning
D:\Program Files\weddinggrominghomeprewhan\WEDDING\NUI-5966.jpg,NUI-5966,morning
D:\Program Files\weddinggrominghomeprewhan\WEDDING\NUI-5967.jpg,NUI-5967,morning
D:\Program Files\weddinggrominghomeprewhan\WEDDING\NUI-5968.jpg,NUI-5968,morning
D:\Program Files\weddinggrominghomeprewhan\WEDDING\NUI-5970.jpg,NUI-5970,morning
D:\Program Files\weddinggrominghomeprewhan\WEDDING\NUI-5978.jpg,NUI-5978,morning
D:\Program Files\weddinggrominghomeprewhan\WEDDING\NUI-5979.jpg,NUI-5979,morning
D:\Program Files\weddinggrominghomeprewhan\WEDDING\NUI-5982.jpg,NUI-5982,morning
D:\Program Files\weddinggrominghomeprewhan\WEDDING\NUI-5999.jpg,NUI-5999,morning
D:\Program Files\weddinggrominghomeprewhan\WEDDING\NUI-6002.jpg,NUI-6002,morning
D:\Program Files\weddinggrominghomeprewhan\WEDDING\NUI-6011.jpg,NUI-6011,morning
D:\Program Files\weddinggrominghomeprewhan\WEDDING\NUI-6014.jpg,NUI-6014,morning
D:\Program Files\weddinggrominghomeprewhan\WEDDING\NUI-6015.jpg,NUI-6015,morning
D:\Program Files\weddinggrominghomeprewhan\WEDDING\NUI-6023.jpg,NUI-6023,morning
D:\Program Files\weddinggrominghomeprewhan\WEDDING\NUI-6039.jpg,NUI-6039,morning
D:\Program Files\weddinggrominghomeprewhan\WEDDING\NUI-6044.jpg,NUI-6044,morning
D:\Program Files\weddinggrominghomeprewhan\WEDDING\NUI-6050.jpg,NUI-6050,morning
D:\Program Files\weddinggrominghomeprewhan\WEDDING\NUI-6064.jpg,NUI-6064,morning
D:\Program Files\weddinggrominghomeprewhan\WEDDING\NUI-6068.jpg,NUI-6068,morning
D:\Program Files\weddinggrominghomeprewhan\WEDDING\NUI-6074.jpg,NUI-6074,morning
D:\Program Files\weddinggrominghomeprewhan\WEDDING\NUI-6077.jpg,NUI-6077,morning
D:\Program Files\weddinggrominghomeprewhan\WEDDING\NUI-6084.jpg,NUI-6084,morning
D:\Program Files\weddinggrominghomeprewhan\WEDDING\NUI-6085.jpg,NUI-6085,morning
D:\Program Files\weddinggrominghomeprewhan\WEDDING\NUI-6088.jpg,NUI-6088,morning
D:\Program Files\weddinggrominghomeprewhan\WEDDING\NUI-6089.jpg,NUI-6089,morning
D:\Program Files\weddinggrominghomeprewhan\WEDDING\NUI-6091.jpg,NUI-6091,morning
D:\Program Files\weddinggrominghomeprewhan\WEDDING\NUI-6092.jpg,NUI-6092,night
D:\Program Files\weddinggrominghomeprewhan\WEDDING\NUI-6093.jpg,NUI-6093,morning
D:\Program Files\weddinggrominghomeprewhan\WEDDING\NUI-6095.jpg,NUI-6095,morning
D:\Program Files\weddinggrominghomeprewhan\WEDDING\NUI-6096.jpg,NUI-6096,morning
D:\Program Files\weddinggrominghomeprewhan\WEDDING\NUI-6098.jpg,NUI-6098,morning
D:\Program Files\weddinggrominghomeprewhan\WEDDING\NUI-6100.jpg,NUI-6100,morning
D:\Program Files\weddinggrominghomeprewhan\WEDDING\NUI-6101.jpg,NUI-6101,morning
D:\Program Files\weddinggrominghomeprewhan\WEDDING\NUI-6102.jpg,NUI-6102,morning
D:\Program Files\weddinggrominghomeprewhan\WEDDING\NUI-6103.jpg,NUI-6103,morning
D:\Program Files\weddinggrominghomeprewhan\WEDDING\NUI-6104.jpg,NUI-6104,morning
D:\Program Files\weddinggrominghomeprewhan\WEDDING\NUI-6105.jpg,NUI-6105,morning
D:\Program Files\weddinggrominghomeprewhan\WEDDING\NUI-6106.jpg,NUI-6106,morning
D:\Program Files\weddinggrominghomeprewhan\WEDDING\NUI-6107.jpg,NUI-6107,morning
D:\Program Files\weddinggrominghomeprewhan\WEDDING\NUI-6108.jpg,NUI-6108,morning
D:\Program Files\weddinggrominghomeprewhan\WEDDING\NUI-6109.jpg,NUI-6109,morning
D:\Program Files\weddinggrominghomeprewhan\WEDDING\NUI-6110.jpg,NUI-6110,morning
D:\Program Files\weddinggrominghomeprewhan\WEDDING\NUI-6112.jpg,NUI-6112,morning
D:\Program Files\weddinggrominghomeprewhan\WEDDING\NUI-6113.jpg,NUI-6113,morning
D:\Program Files\weddinggrominghomeprewhan\WEDDING\NUI-6114.jpg,NUI-6114,morning
D:\Program Files\weddinggrominghomeprewhan\WEDDING\NUI-6115.jpg,NUI-6115,morning
D:\Program Files\weddinggrominghomeprewhan\WEDDING\NUI-6116.jpg,NUI-6116,morning
D:\Program Files\weddinggrominghomeprewhan\WEDDING\NUI-6117.jpg,NUI-6117,morning
D:\Program Files\weddinggrominghomeprewhan\WEDDING\NUI-6118.jpg,NUI-6118,morning
D:\Program Files\weddinggrominghomeprewhan\WEDDING\NUI-6119.jpg,NUI-6119,morning
D:\Program Files\weddinggrominghomeprewhan\WEDDING\NUI-6120.jpg,NUI-6120,morning
D:\Program Files\weddinggrominghomeprewhan\WEDDING\NUI-6123.jpg,NUI-6123,morning
D:\Program Files\weddinggrominghomeprewhan\WEDDING\NUI-6124.jpg,NUI-6124,morning
D:\Program Files\weddinggrominghomeprewhan\WEDDING\NUI-6125.jpg,NUI-6125,morning
D:\Program Files\weddinggrominghomeprewhan\WEDDING\NUI-6127.jpg,NUI-6127,morning
D:\Program Files\weddinggrominghomeprewhan\WEDDING\NUI-6128.jpg,NUI-6128,morning
D:\Program Files\weddinggrominghomeprewhan\WEDDING\NUI-6131.jpg,NUI-6131,morning
D:\Program Files\weddinggrominghomeprewhan\WEDDING\NUI-6134.jpg,NUI-6134,morning
D:\Program Files\weddinggrominghomeprewhan\WEDDING\NUI-6135.jpg,NUI-6135,morning
D:\Program Files\weddinggrominghomeprewhan\WEDDING\NUI-6136.jpg,NUI-6136,morning
D:\Program Files\weddinggrominghomeprewhan\WEDDING\NUI-6137.jpg,NUI-6137,morning
D:\Program Files\weddinggrominghomeprewhan\WEDDING\NUI-6138.jpg,NUI-6138,morning
D:\Program Files\weddinggrominghomeprewhan\WEDDING\NUI-6139.jpg,NUI-6139,morning
D:\Program Files\weddinggrominghomeprewhan\WEDDING\NUI-6142.jpg,NUI-6142,morning
D:\Program Files\weddinggrominghomeprewhan\WEDDING\NUI-6143.jpg,NUI-6143,morning
D:\Program Files\weddinggrominghomeprewhan\WEDDING\NUI-6144.jpg,NUI-6144,morning
D:\Program Files\weddinggrominghomeprewhan\WEDDING\NUI-6145.jpg,NUI-6145,morning
D:\Program Files\weddinggrominghomeprewhan\WEDDING\NUI-6146.jpg,NUI-6146,morning
D:\Program Files\weddinggrominghomeprewhan\WEDDING\NUI-6147.jpg,NUI-6147,morning
D:\Program Files\weddinggrominghomeprewhan\WEDDING\NUI-6165.jpg,NUI-6165,morning
D:\Program Files\weddinggrominghomeprewhan\WEDDING\NUI-6179.jpg,NUI-6179,morning
D:\Program Files\weddinggrominghomeprewhan\WEDDING\NUI-6181.jpg,NUI-6181,night
D:\Program Files\weddinggrominghomeprewhan\WEDDING\NUI-6182.jpg,NUI-6182,morning
D:\Program Files\weddinggrominghomeprewhan\WEDDING\NUI-6183.jpg,NUI-6183,morning
D:\Program Files\weddinggrominghomeprewhan\WEDDING\NUI-6185.jpg,NUI-6185,night
D:\Program Files\weddinggrominghomeprewhan\WEDDING\NUI-6187.jpg,NUI-6187,morning
D:\Program Files\weddinggrominghomeprewhan\WEDDING\NUI-6188.jpg,NUI-6188,morning
D:\Program Files\weddinggrominghomeprewhan\WEDDING\NUI-6190.jpg,NUI-6190,night
D:\Program Files\weddinggrominghomeprewhan\WEDDING\NUI-6191.jpg,NUI-6191,morning
D:\Program Files\weddinggrominghomeprewhan\WEDDING\NUI-6197.jpg,NUI-6197,morning
D:\Program Files\weddinggrominghomeprewhan\WEDDING\NUI-6211.jpg,NUI-6211,morning
D:\Program Files\weddinggrominghomeprewhan\WEDDING\NUI-6213.jpg,NUI-6213,morning
D:\Program Files\weddinggrominghomeprewhan\WEDDING\NUI-6215.jpg,NUI-6215,morning
D:\Program Files\weddinggrominghomeprewhan\WEDDING\NUI-6220.jpg,NUI-6220,morning
D:\Program Files\weddinggrominghomeprewhan\WEDDING\NUI-6235.jpg,NUI-6235,morning
D:\Program Files\weddinggrominghomeprewhan\WEDDING\NUI-6239.jpg,NUI-6239,morning
D:\Program Files\weddinggrominghomeprewhan\WEDDING\NUI-6241.jpg,NUI-6241,morning
D:\Program Files\weddinggrominghomeprewhan\WEDDING\NUI-6244.jpg,NUI-6244,morning
D:\Program Files\weddinggrominghomeprewhan\WEDDING\NUI-6246.jpg,NUI-6246,morning
D:\Program Files\weddinggrominghomeprewhan\WEDDING\NUI-6247.jpg,NUI-6247,morning
D:\Program Files\weddinggrominghomeprewhan\WEDDING\NUI-6248.jpg,NUI-6248,night
D:\Program Files\weddinggrominghomeprewhan\WEDDING\NUI-6249.jpg,NUI-6249,morning
D:\Program Files\weddinggrominghomeprewhan\WEDDING\NUI-6255.jpg,NUI-6255,morning
D:\Program Files\weddinggrominghomeprewhan\WEDDING\NUI-6260.jpg,NUI-6260,night
D:\Program Files\weddinggrominghomeprewhan\WEDDING\NUI-6262.jpg,NUI-6262,morning
D:\Program Files\weddinggrominghomeprewhan\WEDDING\NUI-6264.jpg,NUI-6264,morning
D:\Program Files\weddinggrominghomeprewhan\WEDDING\NUI-6268.jpg,NUI-6268,morning
D:\Program Files\weddinggrominghomeprewhan\WEDDING\NUI-6271.jpg,NUI-6271,morning
D:\Program Files\weddinggrominghomeprewhan\WEDDING\NUI-6273.jpg,NUI-6273,morning
D:\Program Files\weddinggrominghomeprewhan\WEDDING\NUI-6274.jpg,NUI-6274,morning
D:\Program Files\weddinggrominghomeprewhan\WEDDING\NUI-6275.jpg,NUI-6275,morning
D:\Program Files\weddinggrominghomeprewhan\WEDDING\NUI-6276.jpg,NUI-6276,morning
D:\Program Files\weddinggrominghomeprewhan\WEDDING\NUI-6282.jpg,NUI-6282,morning
D:\Program Files\weddinggrominghomeprewhan\WEDDING\NUI-6293.jpg,NUI-6293,morning
D:\Program Files\weddinggrominghomeprewhan\WEDDING\NUI-6294.jpg,NUI-6294,morning
D:\Program Files\weddinggrominghomeprewhan\WEDDING\NUI-6295.jpg,NUI-6295,morning
D:\Program Files\weddinggrominghomeprewhan\WEDDING\NUI-6299.jpg,NUI-6299,morning
D:\Program Files\weddinggrominghomeprewhan\WEDDING\NUI-6303.jpg,NUI-6303,morning
D:\Program Files\weddinggrominghomeprewhan\WEDDING\NUI-6305.jpg,NUI-6305,morning
D:\Program Files\weddinggrominghomeprewhan\WEDDING\NUI-6307.jpg,NUI-6307,morning
D:\Program Files\weddinggrominghomeprewhan\WEDDING\NUI-6318.jpg,NUI-6318,morning
D:\Program Files\weddinggrominghomeprewhan\WEDDING\NUI-6322.jpg,NUI-6322,night
D:\Program Files\weddinggrominghomeprewhan\WEDDING\NUI-6326.jpg,NUI-6326,morning
D:\Program Files\weddinggrominghomeprewhan\WEDDING\NUI-6328.jpg,NUI-6328,morning
D:\Program Files\weddinggrominghomeprewhan\WEDDING\NUI-6335.jpg,NUI-6335,morning
D:\Program Files\weddinggrominghomeprewhan\WEDDING\NUI-6337.jpg,NUI-6337,morning
D:\Program Files\weddinggrominghomeprewhan\WEDDING\NUI-6338.jpg,NUI-6338,night
D:\Program Files\weddinggrominghomeprewhan\WEDDING\NUI-6344.jpg,NUI-6344,morning
D:\Program Files\weddinggrominghomeprewhan\WEDDING\NUI-6346.jpg,NUI-6346,morning
D:\Program Files\weddinggrominghomeprewhan\WEDDING\NUI-6356.jpg,NUI-6356,morning
D:\Program Files\weddinggrominghomeprewhan\WEDDING\NUI-6358.jpg,NUI-6358,morning
D:\Program Files\weddinggrominghomeprewhan\WEDDING\NUI-6360.jpg,NUI-6360,morning
D:\Program Files\weddinggrominghomeprewhan\WEDDING\NUI-6361.jpg,NUI-6361,morning
D:\Program Files\weddinggrominghomeprewhan\WEDDING\NUI-6362.jpg,NUI-6362,morning
D:\Program Files\weddinggrominghomeprewhan\WEDDING\NUI-6370.jpg,NUI-6370,morning
D:\Program Files\weddinggrominghomeprewhan\WEDDING\NUI-6371.jpg,NUI-6371,morning
D:\Program Files\weddinggrominghomeprewhan\WEDDING\NUI-6372.jpg,NUI-6372,morning
D:\Program Files\weddinggrominghomeprewhan\WEDDING\NUI-6373.jpg,NUI-6373,morning
D:\Program Files\weddinggrominghomeprewhan\WEDDING\NUI-6375.jpg,NUI-6375,morning
D:\Program Files\weddinggrominghomeprewhan\WEDDING\NUI-6382.jpg,NUI-6382,morning
D:\Program Files\weddinggrominghomeprewhan\WEDDING\NUI-6384.jpg,NUI-6384,night
D:\Program Files\weddinggrominghomeprewhan\WEDDING\NUI-6387.jpg,NUI-6387,morning
D:\Program Files\weddinggrominghomeprewhan\WEDDING\NUI-6390.jpg,NUI-6390,morning
D:\Program Files\weddinggrominghomeprewhan\WEDDING\NUI-6392.jpg,NUI-6392,morning
D:\Program Files\weddinggrominghomeprewhan\WEDDING\NUI-6398.jpg,NUI-6398,morning
D:\Program Files\weddinggrominghomeprewhan\WEDDING\NUI-6399.jpg,NUI-6399,night
D:\Program Files\weddinggrominghomeprewhan\WEDDING\NUI-6407.jpg,NUI-6407,morning
D:\Program Files\weddinggrominghomeprewhan\WEDDING\NUI-6410.jpg,NUI-6410,morning
D:\Program Files\weddinggrominghomeprewhan\WEDDING\NUI-6411.jpg,NUI-6411,morning
D:\Program Files\weddinggrominghomeprewhan\WEDDING\NUI-6412.jpg,NUI-6412,morning
D:\Program Files\weddinggrominghomeprewhan\WEDDING\NUI-6413.jpg,NUI-6413,morning
D:\Program Files\weddinggrominghomeprewhan\WEDDING\NUI-6416.jpg,NUI-6416,morning
D:\Program Files\weddinggrominghomeprewhan\WEDDING\NUI-6419.jpg,NUI-6419,morning
D:\Program Files\weddinggrominghomeprewhan\WEDDING\NUI-6420.jpg,NUI-6420,morning
D:\Program Files\weddinggrominghomeprewhan\WEDDING\NUI-6422.jpg,NUI-6422,morning
D:\Program Files\weddinggrominghomeprewhan\WEDDING\NUI-6424.jpg,NUI-6424,morning
D:\Program Files\weddinggrominghomeprewhan\WEDDING\NUI-6428.jpg,NUI-6428,morning
D:\Program Files\weddinggrominghomeprewhan\WEDDING\NUI-6429.jpg,NUI-6429,morning
D:\Program Files\weddinggrominghomeprewhan\WEDDING\NUI-6433.jpg,NUI-6433,morning
D:\Program Files\weddinggrominghomeprewhan\WEDDING\NUI-6458.jpg,NUI-6458,morning
D:\Program Files\weddinggrominghomeprewhan\WEDDING\NUI-6481.jpg,NUI-6481,morning
D:\Program Files\weddinggrominghomeprewhan\WEDDING\NUI-6482.jpg,NUI-6482,morning
D:\Program Files\weddinggrominghomeprewhan\WEDDING\NUI-6483.jpg,NUI-6483,night
D:\Program Files\weddinggrominghomeprewhan\WEDDING\NUI-6487.jpg,NUI-6487,morning
D:\Program Files\weddinggrominghomeprewhan\WEDDING\NUI-6488.jpg,NUI-6488,morning
D:\Program Files\weddinggrominghomeprewhan\WEDDING\NUI-6502.jpg,NUI-6502,morning
D:\Program Files\weddinggrominghomeprewhan\WEDDING\NUI-6503.jpg,NUI-6503,morning
D:\Program Files\weddinggrominghomeprewhan\WEDDING\NUI-6514.jpg,NUI-6514,morning
D:\Program Files\weddinggrominghomeprewhan\WEDDING\NUI-6515.jpg,NUI-6515,morning
D:\Program Files\weddinggrominghomeprewhan\WEDDING\NUI-6516.jpg,NUI-6516,morning
D:\Program Files\weddinggrominghomeprewhan\WEDDING\NUI-6517.jpg,NUI-6517,morning
D:\Program Files\weddinggrominghomeprewhan\WEDDING\NUI-6518.jpg,NUI-6518,morning
D:\Program Files\weddinggrominghomeprewhan\WEDDING\NUI-6519.jpg,NUI-6519,morning
D:\Program Files\weddinggrominghomeprewhan\WEDDING\NUI-6521.jpg,NUI-6521,morning
D:\Program Files\weddinggrominghomeprewhan\WEDDING\NUI-6523.jpg,NUI-6523,night
D:\Program Files\weddinggrominghomeprewhan\WEDDING\NUI-6529.jpg,NUI-6529,morning
D:\Program Files\weddinggrominghomeprewhan\WEDDING\NUI-6530.jpg,NUI-6530,morning
D:\Program Files\weddinggrominghomeprewhan\WEDDING\NUI-6538.jpg,NUI-6538,morning
D:\Program Files\weddinggrominghomeprewhan\WEDDING\NUI-6539.jpg,NUI-6539,morning
D:\Program Files\weddinggrominghomeprewhan\WEDDING\NUI-6542.jpg,NUI-6542,morning
D:\Program Files\weddinggrominghomeprewhan\WEDDING\NUI-6544.jpg,NUI-6544,morning
D:\Program Files\weddinggrominghomeprewhan\WEDDING\NUI-6545.jpg,NUI-6545,night
D:\Program Files\weddinggrominghomeprewhan\WEDDING\NUI-6548.jpg,NUI-6548,morning
D:\Program Files\weddinggrominghomeprewhan\WEDDING\NUI-6549.jpg,NUI-6549,morning
D:\Program Files\weddinggrominghomeprewhan\WEDDING\NUI-6551.jpg,NUI-6551,morning
D:\Program Files\weddinggrominghomeprewhan\WEDDING\NUI-6552.jpg,NUI-6552,morning
D:\Program Files\weddinggrominghomeprewhan\WEDDING\NUI-6553.jpg,NUI-6553,morning
D:\Program Files\weddinggrominghomeprewhan\WEDDING\NUI-6554.jpg,NUI-6554,morning
D:\Program Files\weddinggrominghomeprewhan\WEDDING\NUI-6555.jpg,NUI-6555,morning
D:\Program Files\weddinggrominghomeprewhan\WEDDING\NUI-6556.jpg,NUI-6556,morning
D:\Program Files\weddinggrominghomeprewhan\WEDDING\NUI-6562.jpg,NUI-6562,morning
D:\Program Files\weddinggrominghomeprewhan\WEDDING\NUI-6563.jpg,NUI-6563,morning
D:\Program Files\weddinggrominghomeprewhan\WEDDING\NUI-6564.jpg,NUI-6564,morning
D:\Program Files\weddinggrominghomeprewhan\WEDDING\NUI-6565.jpg,NUI-6565,morning
D:\Program Files\weddinggrominghomeprewhan\WEDDING\NUI-6566.jpg,NUI-6566,morning
D:\Program Files\weddinggrominghomeprewhan\WEDDING\NUI-6579(1).jpg,NUI-6579(1),night
D:\Program Files\weddinggrominghomeprewhan\WEDDING\NUI-6579.jpg,NUI-6579,morning
D:\Program Files\weddinggrominghomeprewhan\WEDDING\NUI-6583.jpg,NUI-6583,morning
D:\Program Files\weddinggrominghomeprewhan\WEDDING\NUI-6624.jpg,NUI-6624,morning
D:\Program Files\weddinggrominghomeprewhan\WEDDING\NUI-6652.jpg,NUI-6652,morning
D:\Program Files\weddinggrominghomeprewhan\WEDDING\NUI-6684.jpg,NUI-6684,morning
D:\Program Files\weddinggrominghomeprewhan\WEDDING\NUI-6705.jpg,NUI-6705,morning
D:\Program Files\weddinggrominghomeprewhan\WEDDING\NUI-6707.jpg,NUI-6707,morning
D:\Program Files\weddinggrominghomeprewhan\WEDDING\NUI-6721.jpg,NUI-6721,morning
D:\Program Files\weddinggrominghomeprewhan\WEDDING\NUI-6815.jpg,NUI-6815,morning
D:\Program Files\weddinggrominghomeprewhan\WEDDING\NUI-6904.jpg,NUI-6904,night
